1,Inetify
2,(folder name)uk.co.busydoingnothing.prevo_14_src.tar.gz
3,Tricorder
4,Manpages
5,Sudoku Generator
6,nicoWnnG
7,L9Droid
8,Chibe
9,ShellMS
10,Squeez
11,The Knights of Alentejo
12,(folder name)com.tomer.alwayson_213_src.tar.gz
13,DesktopLabel
14,(folder name)eu.siacs.conversations_189_src.tar.gz
15,DiveDroid
16,Battery Widget
17,Melodeon
18,File Explorer
19,TripleCamel
20,PhotoView
21,Tri Rose
22,(folder name)com.reicast.emulator_6_src.tar.gz
23,Dodge
24,Calculator
25,(folder name)org.birthdayadapter_19_src.tar.gz
26,QuickDic
27,(folder name)org.eehouse.android.xw4_111_src.tar.gz
28,(folder name)org.bottiger.podcast_364_src.tar.gz
29,(folder name)org.ligi.ajsha_12_src.tar.gz
30,RedReader
31,Smart Card Emulator
32,HoloKen
33,Holo Counter
34,(folder name)com.cybrosys.palmcalc_4_src.tar.gz
35,TUIOdroid
36,Remuco
37,AeonDroid
38,Multitouch Test
39,Android Explorer
40,Unreal Tracker
41,Antikythera Simulation
42,BusyBox
43,ClipCaster
44,HaRail
45,Tap the black tiles
46,Quran For My Android
47,ManianaTestTest
48,Nice Compass
49,Tallyphant
50,Penroser
51,(folder name)com.chessclock.android_8_src
52,WiFi Tether
53,Transistor
54,Contact Widget
55,CMIS Browser
56,習う - Narau
57,File Manager
58,Xabber VIP
59,Driibo
60,Draw
61,2buntu
62,NetGuard
63,Thermometer Extended
64,(folder name)com.tierep.notificationanalyser_6_src.tar.gz
65,PocketMaps
66,Simple IRC
67,(folder name)cx.ring_59_src.tar.gz
68,TSCH_BYL
69,"AndSys ~ Apps"
70,HyperRogue
71,Tickmate
72,Asqare
73,DailybRead
74,Tap \'n\' Turn
75,Altcoinfaucet.net - Overview
76,callerid - tests
77,Mozilla Stumbler
78,Alarm Clock
79,TeaCup
80,MAXS Module SmsSend
81,Puma
82,Tabulae
83,FillUp
84,清心天气
85,ScrollSocket
86,Kanji draw
87,Rage Maker
88,OSRS Helper
89,Open in browser
90,Kimai
91,Slider
92,OCS-NG Agent
93,My App List
94,ImapNotes2
95,Silence
96,Pointage
97,Moon Phase
98,Fun Phone Puppet
99,Blue Minimal
100,Diode
101,ePUBator
102,VTU CS Lab Manual
103,(folder name)com.endeepak.dotsnsquares_5_src.tar.gz
104,Pomodoro
105,Secret Codes
106,OsciPrime
107,Toggle Headset 2
108,NetworkMapper
109,ScreenInfo
110,RMLL/LSM
111,Quick Action Test
112,aAuroraApp (Alpha)
113,Kolab Notes
114,APKShare
115,EP Mobile
116,HNdroid
117,Hexiano
118,Smashwords Access
119,Calculator
120,Pizza Cost
121,EZ Wifi Notification
122,BeepMe
123,MobilePrint
124,SimpleTextCrypt
125,Abstract Art
126,My Location Widget
127,Notify
128,X Server
129,Remembeer
130,Swiss Chess Tournament
131,LinCal
132,MGit
133,SyncOrg
134,Who Has My Stuff?
135,Timidity AE
136,Silent Night
137,Dialer2
138,BlueGps
139,(folder name)com.mridang.speedo_2_src.tar.gz
140,Oscilloscope
141,Netcfg Widget
142,Clementine Remote
143,(folder name)me.kuehle.carreport_52_src.tar.gz
144,Memo Game
145,Car Bus Interface
146,Send to Computer
147,TV KILL
148,OneTimePad
149,miniNoteViewer
150,Radio Študent
151,BabyName
152,Subtle News
153,World Clock
154,(folder name)com.googlecode.networklog_22501_src.tar.gz
155,Sipdroid
156,Open Aviation Map
157,"Calculator"
158,Free Fall
159,WiGLE WiFi Wardriving FOSS
160,Quick Settings
161,GLXY
162,Marble One
163,Nyan
164,Rights alert
165,(folder name)ca.rmen.android.networkmonitor_12810_src.tar.gz
166,Frozen Bubble
167,Anecdote
168,GPSTether
169,ControlDLNA
170,Every Locale
171,A Photo Manager
172,Libre Droid
173,Pong Time
174,TalkBack
175,Did I?
176,DownloadFilesWeb
177,WiFi Advanced Configuration Editor
178,Reddinator
179,AppBak
180,Hash It!
181,pMetro
182,(folder name)com.google.android.gms_20170_src.tar.gz
183,K-9 Mail
184,DebianDroid
185,cSploit
186,(folder name)com.sigseg.android.worldmap_5_src
187,Clip Stack
188,Sensorium
189,CrimeTalk
190,sg
191,STweaks
192,AdAway
193,Barcodegen
194,Self-Hosted GPS Tracker
195,Voice Recorder Plugin
196,Notifications for Facebook
197,WhereRing
198,Peppy Flowers
199,(folder name)com.dougkeen.bart_33_src.tar.gz
200,SIP Switch
201,Notes
202,Barnacle Wifi Tether
203,aSQLiteManager
204,BMI Calculator
205,Home Launcher
206,Face Slim
207,Fissure
208,AndQuote
209,FrOSCon
210,SparkleShare
211,TZM
212,NetCounter
213,Hangman
214,Icon Request for Numix
215,pyLoad
216,TextWarrior
217,TAC Database Client
218,Text Edit
219,Twidere TwitLonger Extension
220,Zensuren
221,Dot-Race
222,LegeAppen
223,(folder name)org.smc.inputmethod.indic_24_src.tar.gz
224,Word Power Made Easy
225,PasswordMaker Pro
226,Mountie
227,Voice Notify
228,SimpleThermometer
229,AnySoftKeyboard - Spain Language Pack
230,Movian Remote
231,GL Wallpaper Test
232,Tinc
233,Cricscore
234,(folder name)org.ligi.gobandroid_hd_253_src.tar.gz
235,Prepay Credit
236,Käsekästchen
237,ΞtheRemotΞ
238,Bubble
239,Termux:Task
240,33c3 SCR
241,(folder name)org.runnerup_14000056_src.tar.gz
242,Gloomy Dungeons II
243,ZooBorns
244,fooCam beta
245,OpenSudoku
246,Random App
247,XSkat
248,(folder name)com.vuze.android.remote_78_src.tar.gz
249,WeatherLog
250,BookWorm
251,NFC Tag maker
252,HSTempo
253,Notification Plus
254,Pomodoro Tasks
255,(folder name)de.luhmer.owncloudnewsreader_115_src.tar.gz
256,OTPdroid
257,(folder name)com.maskyn.fileeditorpro_47_src.tar.gz
258,Piclice
259,aGrep
260,Dongsa
261,Tryton
262,Calendar
263,Forecastie
264,InTheClear
265,Diolinux
266,Ermete SMS
267,Ardroid
268,Red Moon
269,Effects Pro
270,Camp 2015
271,Lliga Intermunicipal
272,mLauncher
273,Studiportal
274,Bushido Blocks
275,SnooperStopper
276,Swiftnotes
277,Presentation
278,Mobile MSJ
279,(folder name)com.haringeymobile.ukweather_26_src.tar.gz
280,libsuperuser_example
281,Stopwatch
282,Std Atmosphere
283,Behat Reporter
284,BoxnetMusicProvider
285,Smart Card Emulator
286,RKFRead
287,(folder name)com.tastycactus.timesheet_6_src
288,Mirakel-Dashclock
289,Puff
290,Polipoid
291,IPv6Config
292,Neko Project II for Android
293,Birthdroid
294,Meme Creator
295,SecDroid
296,AirUnlock
297,Dalvik Explorer
298,Signal Generator
299,G2L
300,Portal Timer
301,qBittorrent Client Pro
302,Save For Offline
303,HydroMemo
304,andFHEM
305,YouTube Cacher
306,Persian Calendar
307,eyeCam
308,Wireless Tether
309,OpenLP
310,BusyBox Pro
311,Twik
312,(folder name)org.olpc_france.sugarizer_800_src.tar.gz
313,FBReader Calibre connector
314,(folder name)com.kaneoriley.cyanogenport.launcher3_1_src.tar.gz
315,Rehearsal Assistant
316,GCstar Viewer
317,(folder name)de.kugihan.dictionaryformids.hmi_android_126_src.tar.gz
318,WebApps
319,Salat Times
320,ND Filter
321,Instant Sound Effects
322,RssManager
323,ChronoSnap
324,Mercury-SSH
325,EncPassChanger
326,KIBA
327,BusTO
328,Gilga
329,anDOF
330,Identiconizer!
331,Episodes
332,(folder name)com.appspot.usbhidterminal_12_src.tar.gz
333,FASTER
334,Wiktionary
335,BlackSCREENremote
336,DroidShows
337,Beacon Locator
338,Forpdacommon
339,Anagram Solver
340,MAXS Module SmsSend
341,Photographer\'s
342,GetForeGroundActivity
343,pyLauncher
344,ownCloud Jelly Bean Workaround for lost credentials
345,Easy xkcd
346,Step and Height counter
347,Sudowars
348,MP3tunes
349,Screens
350,Tigase Messenger
351,Search Light
352,Termux:Styling
353,Complica4
354,33c3 Wifi Setup
355,Comics Reader
356,Counter
357,WoT Tank Quiz
358,(folder name)org.nerdcircus.android.klaxon_27_src
359,"Memory"
360,MTA Fare Buster
361,24game
362,TimerDroid
363,ownCloud-SMS
364,Bienvenido a Internet
365,MAXS Module SmsSend
366,IntentRadio
367,primitive ftpd
368,UIComponents
369,KouChat
370,WLANScanner
371,ColorPickerPreference
372,"OpenKeychain"
373,Chroma Doze
374,FineGeotag
375,Hashr
376,SnoopSnitch
377,Padland
378,(folder name)free.rm.skytube.oss_3_src.tar.gz
379,Xda Feed Reader
380,MPDroid
381,Sound Manager
382,Network Tester
383,MAXS Module SmsSend
384,IPFSDroid
385,Ogame on Android
386,Torrent Search (by Transdroid)
387,RvClock
388,RasPi Check
389,(folder name)org.xapek.andiodine_3_src.tar.gz
390,Guess
391,Frozen Bubble LevelEditor plus
392,Beem
393,(folder name)de.bitsharesmunich.smartcoinswallet_187_src.tar.gz
394,Permissions
395,Bluetooth Viewer (LITE)
396,LogMeIn
397,TibTxt
398,(folder name)com.twofours.surespot_65_src.tar.gz
399,TaigIME
400,QuickDic
401,"Puzzle"
402,UPM
403,Sage
404,(folder name)tranquvis.simplesmsremote_100_src.tar.gz
405,mOTP
406,Practice Hub
407,Calendar Notifications Plus
408,PinPoi
409,Silectric
410,Weather-notification-android-testTest
411,crushr
412,Remindly
413,PluckLock
414,(folder name)com.cleveroad.sample_1_src.tar.gz
415,RiverFerry
416,(folder name)org.microg.nlp_20170_src.tar.gz
417,Location Map Viewer
418,(folder name)com.doomy.overflow_4_src.tar.gz
419,Subsonic
420,Headphone detector for Vanilla Music
421,Arity
422,Pattern HDPI Wallpapers
423,Simple Bitcoin Widget
424,NFC Reader
425,GApps Browser
426,PGPClipper
427,SMS Ping
428,Weather-notification-android-testTest
429,(folder name)org.mariotaku.twidere_253_src.tar.gz
430,Cowsay
431,Seismo Wallpaper
432,Shopping List
433,Andhrystone
434,Manille
435,(folder name)com.tobykurien.batteryfu_47_src.tar.gz
436,Hey! Meditation
437,Mahjongg Builder
438,Bluetooth RepRap
439,RGB Tool
440,(folder name)zame.GloomyDungeons.opensource.game_1414314000_src.tar.gz
441,OpenFixMap
442,L\'angolo nerd
443,(folder name)com.app.missednotificationsreminder_1801011100_src.tar.gz
444,Alldebrid
445,FixMyStreet
446,SexyTopo
447,Camp 2015
448,(folder name)de.wikilab.android.friendica01_9_src
449,PinDroid
450,Hydra Slayer
451,AsciiCam
452,/system/app mover
453,FBReader TTS plugin
454,aNetMon
455,TapUnlock
456,Minecraft Clock
457,AppAlarm Pro
458,Loyalty Card Locker
459,And Bible
460,ElloShare
461,Notes
462,SVG viewer
463,weechat
464,Flight Mode
465,Presentation Timer
466,Locker
467,DO Swimmer
468,Sound Recorder
469,Shader Editor
470,No Stranger SMS
471,MAXS Module SmsSend
472,Delayed
473,ToneDef
474,Metronome
475,NoWhatOpen
476,Rotation Manager
477,Drupal Editor
478,Get ID
479,Seeks
480,Jupiter Broadcasting
481,Colour Clock
482,IITC Mobile
483,Multi Sms
484,Quoter
485,Pjuu
486,Blokish
487,GfxTablet
488,WhatExp
489,IsPhoneEncrypted
490,Unit Converter Ultimate
491,TPT Helper
492,運転免許証リーダー
493,aCalDAV
494,OpenMensa
495,Quickdroid
496,HDA URL
497,32c3 Search
498,Metrodroid
499,Vespucci (F-Droid)
500,n-Puzzle
501,(folder name)de.danoeh.antennapod_1060203_src.tar.gz
502,SELinuxModeChanger
503,Tiny Travel Tracker
504,Hangar
505,Concurseiro
506,OpenGapps Downloader
507,CertTools
508,Sound Recorder
509,Screenshot sharer
510,Hosts Editor
511,My Banq
512,Headphone indicator
513,(folder name)com.blippex.app_5_src.tar.gz
514,Habits
515,Syncopoli
516,GLImageViewer
517,24h Analog Clock Widget
518,Mounts2SD
519,Epoch Launcher
520,Hubble Gallery
521,DroidWall
522,Blurred Lines Live Wallpaper
523,(folder name)com.tomer.poke.notifier_19_src.tar.gz
524,Viewer for Khan Academy
525,DevmilColor
526,Notes
527,Fancy Places
528,MobiPerf
529,Lesser Pad
530,Androsens
531,Scribe4
532,Scrobble Droid
533,Chinese Checkers
534,KeepingTracks
535,Catlog Test Test
536,Papuh
537,Termux:Widget
538,MultiLevelExpIndListView
539,CAdroid
540,OpenConnect
541,KeepScore Donate
542,NPR NewsTest
543,CPU Spy
544,(folder name)org.ntpsync_12_src.tar.gz
545,YubiTOTP
546,k4android
547,Kwaak3
548,PariDroid
549,(folder name)net.sf.times_37_src.tar.gz
550,PDF Reader
551,Počasí v krajích
552,CMLog
553,Share via HTTP
554,IMCKTG
555,Torch
556,Andor\'s Trail
557,XBMC Remote
558,Currency
559,Moving Polygons
560,GPS Share
561,Blockinger
562,Heart rate
563,DroidSeries
564,Email Popup
565,Weather-notification-android-testTest
566,OpenLaw
567,Mupen64 Plus AE
568,SimpleWeatherForecast
569,(folder name)io.github.kobuge.games.minilens_2_src.tar.gz
570,TurtlePlayer
571,Apple UnifiedNlp Backend
572,Notes
573,Tint Browser
574,Smart Gadget
575,(folder name)com.adonai.manman_162_src.tar.gz
576,Primary
577,RingCode
578,(folder name)dentex.youtube.downloader_75_src.tar.gz
579,(folder name)org.emergent.android.weave_8_src.tar.gz
580,Reminders
581,FonBot
582,GSM Location Service
583,Voucher Calc
584,Ensichat
585,Tux Paint
586,(folder name)org.yaxim.androidclient_19_src.tar.gz
587,Glucosio
588,BipolAlarm
589,Bluetooth terminal
590,KDE Connect
591,Sokoban
592,DragonGoApp
593,Network Discovery
594,Slow It!
595,Hypnotoad Live Wallpaper
596,SynCarnet
597,Mobilne Bezpieczeństwo
598,OSMBugs
599,Sigfood
600,Screen Notifications
601,MAXS Module SmsSend
602,Better Wifi on/off
603,(folder name)de.j4velin.wifiAutoOff_173_src.tar.gz
604,Month Calendar Widget
605,OSMTracker for Android™
606,CurrentWidget
607,(folder name)net.osmand.plus_254_src.tar.gz
608,Url forwarder
609,Compass Keyboard
610,(folder name)de.enaikoon.android.keypadmapper3_47_src.tar.gz
611,ShoLi
612,Fwknop2
613,DieDroid
614,Rick App
615,Shortcuts for Calendar/Contacts
616,Georgian Fonts Installer
617,Pedometer
618,Bites
619,Simple Solitaire Collection
620,Necromant\'s NetTTS
621,Taipei Youbike Offline
622,Trolly
623,Summation
624,"Recursive Runner"
625,Yalp Store
626,Moss
627,List My Apps
628,Ampache Provider
629,Anton\'s Calendar Widget
630,Mnemododo
631,AndroidRun v0.02
632,(folder name)org.ligi.passandroid_335_src.tar.gz
633,How far do you swim
634,Paranoid Sms Blocker
635,(folder name)org.pocketworkstation.pckeyboard_1039003_src.tar.gz
636,Ghost Commander
637,Tricky Tripper
638,Syncthing
639,MMSKeeper
640,Call recorder for Android
641,Tether companion
642,Bitcoin
643,Voodoo OTA RootKeeper
644,aLogcat ROOT
645,Type and Speak
646,LinuxDayOSM
647,Toffeed
648,RPCoiner
649,Tuner
650,WiseRadar
651,Thugaim
652,TimeLapse
653,TVHGuide
654,PodListen
655,Front Camera
656,File Manager Pro
657,RedScreenActivity
658,Password Hash
659,QR Scanner
660,2048
661,MrWhite
662,Pretty Good Music Player
663,Superuser
664,(folder name)com.duckduckgo.mobile.android_76_src.tar.gz
665,VoIP.ms SMS
666,Gmote
667,Logcat to UDP
668,JAWS
669,DV FontPack
670,National Geographic for Muzei
671,AcDisplay
672,WiFi Location Service
673,mBrowser
674,fb-client
675,Seafile
676,Wi-Fi Privacy Police
677,Timer
678,c3nav
679,Calendar Trigger
680,Teleposter
681,aLogcat
682,Puzzles
683,MAXS Module SmsSend
684,Soundboard
685,Intent Intercept
686,(folder name)de.bitsharesmunich.wallet_100038_src.tar.gz
687,Aripuca GPS Tracker
688,Word Value
689,(folder name)org.telegram.messenger_8513_src.tar.gz
690,NFCMessageBoard
691,RedPanal
692,DPixel
693,Replica Island
694,Weather-notification-android-testTest
695,Port Authority
696,Zirco Browser
697,Simple C25K
698,TunesRemote+
699,Flickr Viewer HD
700,Toronto Transit
701,Bypass
702,Drinks
703,Apps Organizer
704,Speedmeter
705,WhereYouGo
706,Dasher
707,Android OBD-II Reader
708,@string/app_name_nice
709,Media Button Router
710,Learn Music Notes
711,Transparent Widget
712,Dolphin Emulator
713,Nuntius
714,Flashlight Widget
715,(folder name)com.jadn.cc_173_src.tar.gz
716,Dialer for Pebble
717,(folder name)com.debian.debiandroid_2_src
718,Tttris
719,Calculator
720,(folder name)org.floens.chan_56_src.tar.gz
721,DotDash Keyboard
722,TourCount
723,MapEver
724,Classic PC AnySoftKeyboard Theme
725,Open BART
726,BoogDroid
727,Sequence Hunt
728,(folder name)sh.ftp.rocketninelabs.meditationassistant.opensource_140_src.tar.gz
729,Bad Pixels
730,ForkHub
731,Beta Updater for WhatsApp
732,Turbo Editor
733,Polar Clock
734,Wifi Key View
735,uNote
736,MultiLevelExpIndListView
737,Performance Control
738,(folder name)com.morlunk.mumbleclient_73_src.tar.gz
739,Currency Converter
740,Hall Monitor
741,Gore Companion
742,Bubble
743,(folder name)com.github.mobile_1900_src.tar.gz
744,Solitaire
745,(folder name)at.bitfire.davdroid_131_src.tar.gz
746,Simply Do
747,ownCloud Jelly Bean Workaround for lost credentials
748,Darkness Map
749,Vaporizer Control Crafty
750,MAXS Module SmsSend
751,DAAP
752,AirPush Detector
753,AndroidCPG
754,NFCDemo ndeftools
755,PAFCalc
756,SwallowCatcher
757,SMS Scheduler
758,PSIAndroid
759,Anime Release Notifier
760,NFCard
761,MAXS Module SmsSend
762,Notepad
763,build.prop Editor
764,Simple Explorer
765,CIDR Calculator
766,Mi Manga Nu
767,Lumicall
768,Slight backup
769,Synergy
770,(folder name)com.daviancorp.android.monsterhunter3udatabase_5_src.tar.gz
771,tagdrop
772,WikiJourney
773,Concentric Clock
774,Translate
775,OpenSatNav
776,Falling Blocks
777,CallerDetails
778,Mirrored
779,Constellations
780,AndroFish
781,Spydroid
782,SimpleReboot
783,Deep Scratch
784,GLT Companion
785,Deck Wallet
786,StageFever
787,Anstop
788,MAXS Module SmsSend
789,Acrylic Paint
790,Nounours buddy
791,FreeShisen
792,Cool Reader
793,External IP
794,Quest Player
795,HUD
796,MoTAC
797,Mather
798,(folder name)edu.cmu.cylab.starslinger.demo_17301504_src.tar.gz
799,SMS Filter
800,music-cyclon
801,(folder 